ID,value 1,value 2,value 3
100086,-0.365883055,-0.074675758,0.069660201
100008,-0.310444201,0.391382438,0.460674347
100145,-0.389865984,0.761337139,-0.417007639
100228,0.99807022,-0.218265712,0.941531812
100188,-0.221619317,-0.088810809,0.289071771
100173,-0.250358894,0.263824686,0.16293386
100105,0.418500143,-0.203943442,0.888083985
100264,0.475757104,0.064175396,0.681994767
100156,0.226442955,0.370877163,-0.044646557
100241,0.539856338,-0.312678122,0.924441261
100214,0.909494781,0.665037006,0.539690537
100237,-0.21550843,0.59966204,-0.013300591
100013,-0.47375792,0.136054374,0.08574536
100009,-0.43411555,0.311932645,-0.329443428
100058,-0.241639046,0.860010488,-0.263745783
100078,0.671178596,0.044537439,0.317932386
100138,0.937205844,0.020436484,0.937497347
100274,0.743815426,0.922867868,0.962327635
100277,-0.145480925,0.812004826,-0.100619734
100001,0.333110141,-0.497194888,0.174863729
100108,0.278965822,-0.436568296,0.580822264
100278,-0.093580141,0.226666265,0.110534691
100271,0.145474555,0.058484594,-0.362213881
100202,-0.0890168,-0.057950606,0.681085859
100041,-0.359113929,0.613172753,0.025845867
100224,0.299475069,0.863921631,0.67613394
100273,-0.032094061,0.87060725,-0.230780026
100053,0.860832214,0.012663581,0.651659439
100271,-0.174213714,0.172854624,0.181780134
100080,0.107689963,0.94958231,0.046792249
100199,-0.228145343,-0.05659502,0.301856939
100233,0.725557104,-0.03039819,-0.018743097
100120,0.071596679,0.032208614,0.23112888
100009,0.050882492,0.885946396,0.190817864
100162,-0.338307739,-0.284076993,0.576954907
100088,0.054951226,-0.026620273,0.654965032
100100,-0.144764646,0.056990945,-0.400997185
100248,0.635221969,0.665261505,0.470331434
100187,-0.461308212,-0.180310537,0.541307079
100087,-0.385346717,-0.137192907,0.626300238
100065,0.771441105,0.227613036,0.82623271
100114,-0.471658458,-0.109017928,-0.146706852
100074,0.792933045,0.215341711,-0.02682071
100081,0.022962533,0.63799976,-0.450686249
100204,-0.488380718,0.307190471,0.556308696
100036,0.271493383,0.902656614,0.935180691
100109,-0.387871084,0.157947802,0.26518334
100245,0.48277309,0.275973029,-0.046816694
100093,0.336256847,0.246767399,0.199145467
100008,0.010563775,-0.110350169,-0.494071038
100118,-0.288091399,-0.385488119,0.431838956
100136,0.911059107,0.845644564,0.827634324
100286,0.956733604,0.720693775,0.411923502
100073,-0.216157576,-0.125664497,0.977902769
100008,0.407702552,0.411175089,-0.367047422
100069,-0.413558706,-0.186815875,-0.309306625
100045,0.333977825,-0.108956801,0.16007932
100282,0.463852112,-0.058124825,-0.428626556
100059,0.984185445,-0.026453209,0.253600969
100131,-0.035357576,0.006006243,0.038787918
100079,0.014045826,0.250878108,-0.11094966
100188,0.713504843,0.668306238,0.374082666
100091,-0.399338971,0.41758005,0.747435896
100004,0.896719814,-0.364606053,0.452097546
100185,-0.132690375,0.707572954,-0.472893211
100255,0.301998667,-0.078640063,0.571595694
100191,0.712931468,0.637402049,-0.469980625
100209,0.493600094,0.186114656,-0.242239495
100109,0.300030224,-0.267801062,0.41888808
100276,-0.236557466,0.417180471,0.821597523
100079,0.301976693,-0.093051261,0.385425682
100092,0.711866968,0.439951032,0.925715182
100202,0.375736353,-0.123877089,0.992690136
100141,-0.181355455,-0.179819784,-0.343503154
100186,0.997233407,-0.436342927,-0.314468506
100009,0.300074787,0.163562991,0.130804969
100074,-0.424120498,0.356438528,0.377138665
100052,0.654910857,0.919600641,-0.137142663
100008,0.75546446,0.156162783,-0.130364764
100188,0.417539261,0.188766565,0.670342182
100042,0.182455468,-0.276706874,-0.455155025
100275,0.502699713,0.465506036,-0.318858651
100271,-0.283292051,0.699523552,0.670425012
100080,-0.016656492,0.622760652,0.013863082
100284,0.058590887,0.346605522,-0.408172593
100137,-0.287976495,0.634388702,-0.397205813
100159,0.500865545,0.011932023,-0.334133089
100067,-0.250008177,-0.081494476,0.366567264
100022,0.58256768,-0.063299434,-0.351075648
100013,0.371752558,-0.161137855,-0.196987582
100257,-0.28923162,-0.01836878,0.818291054
100233,0.206982528,0.72052292,0.462226046
100001,-0.458713358,0.636572063,-0.226679064
100114,0.817241165,0.472578626,-0.321578311
100286,0.492702081,0.069925347,-0.172355677
100108,-0.352701632,0.209843494,0.155351257
100103,0.979409796,0.537511261,-0.463833634
100245,0.496618939,0.013792429,-0.333330569
100137,0.05437669,-0.111909603,0.947011331
100208,-0.105400557,0.25045975,0.392508572
100161,-0.35712273,0.626697423,0.813282416
100171,0.594273254,0.891521749,0.373755787
100042,0.864063566,-0.442367283,0.655993176
100143,-0.362015226,0.999174875,0.612481056
100298,0.976415802,-0.404562325,0.462080033
100062,-0.216051298,0.889124528,0.482925759
100255,-0.211879928,0.174856606,0.324696471
100268,0.06757161,-0.240529038,-0.497206944
100228,0.038147504,-0.306929266,0.331538429
100050,0.421352607,0.161284652,-0.08703877
100248,0.026140185,0.541116626,0.395613041
100104,-0.387386512,-0.383013404,0.015608353
100126,-0.192945797,-0.158075361,0.610007403
100178,0.319089383,0.505901618,0.564722899
100010,0.58430016,0.696208588,0.198283454
100271,0.605737025,0.705935207,-0.06192309
100203,-0.035502108,0.519780284,0.652102005
100112,-0.442218438,-0.173353141,-0.203546232
100239,0.075734829,-0.232955779,0.386469758
100209,0.629799255,0.345889868,-0.135706827
100253,0.961464182,0.108320014,-0.402469445
100272,0.937336706,-0.034668091,-0.173103101
100075,0.967809354,0.769460705,0.68508596
100214,0.135904696,-0.015032234,-0.102310534
100040,0.375664187,0.250449059,-0.192533501
100219,0.995768732,0.780038193,0.070041544
100016,0.773584946,-0.304972188,0.902582605
100154,-0.335492521,-0.305702892,0.889646859
100037,0.624924512,0.325619222,-0.046752349
100148,-0.201087857,-0.250161097,0.83543199
100253,0.11703864,0.928040213,-0.140293575
100275,-0.070987632,0.012124367,-0.340732033
100192,0.833999936,0.812683182,0.650855927
100165,0.549252538,0.067805805,0.171528018
100029,-0.45594548,-0.289930862,0.466861482
100125,0.189761532,0.284589716,0.972188748
100122,0.647957611,0.41819837,-0.387212512
100095,0.119237678,0.395768539,0.499220608
100040,0.128964898,0.80984314,-0.398428599
100226,0.036997889,0.96251619,-0.055156736
100034,0.157145457,0.636686741,-0.058639818
100246,-0.434869874,-0.46177053,-0.038771998
100266,-0.102256459,0.286853837,-0.464549766
100269,0.247469367,0.653436808,0.558746404
100111,0.881839464,0.449887567,0.69120993
100128,0.111823783,-0.225098169,-0.398702589
100107,0.789503787,-0.438607969,-0.385947202
100216,0.762722351,0.027106465,0.357743111
100161,-0.497156525,-0.024201499,-0.037227514
100200,0.489806519,0.962853732,-0.417415525
100291,0.658889125,0.217838787,0.947458334
100044,-0.280056497,-0.270297963,-0.287495622
100117,0.745199885,0.86870994,0.883957747
100136,-0.060709073,0.953493877,0.150716348
100293,0.084058545,-0.225971461,0.601523419
100136,0.949803448,0.935406981,0.57791665
100117,-0.033033526,-0.11811627,-0.007952162
100127,0.804522249,0.159125432,0.568367313
100169,0.431704435,-0.090082724,-0.310107595
100047,0.856523405,0.254129617,-0.343912091
100027,0.969566029,0.323188651,0.624751899
100214,0.588397299,0.986011058,0.689389952
100140,-0.075235838,0.704144702,0.203834353
100225,0.456712424,-0.23234445,-0.204037321
100246,-0.433821334,0.805584577,0.650058431
100264,0.328103555,-0.437941268,0.901134592
100266,0.900648903,-0.028155888,0.574397342
100052,-0.402884065,-0.35819728,0.719134692
100004,0.47970248,0.024245132,0.9382707
100051,0.811068683,0.5827756,0.437406364
100280,0.625346207,-0.427548988,-0.382847731
100245,0.830394316,-0.077050171,0.914641766
100115,0.228208505,-0.476739176,0.529811862
100088,0.701594132,-0.222055305,0.738989462
100249,0.765233323,-0.335653968,0.966662095
100167,-0.231650265,0.304133423,0.721004775
100257,-0.095281585,0.501628373,0.209087018
100230,-0.332270475,0.075242826,0.208136916
100160,-0.045059758,0.665579103,-0.312760865
100101,-0.246435972,0.26880302,0.502214208
100095,0.844921115,0.865650112,-0.290706206
100167,-0.329040755,0.604703297,-0.065956187
100258,0.027660095,-0.233269975,0.162514603
100195,-0.193117212,-0.327779255,0.151067803
100217,0.138350851,0.965131833,-0.462872879
100186,0.490090267,0.780104228,0.164202039
100064,0.637906331,-0.262792988,-0.113403222
100116,-0.044722382,0.258437153,0.554917837
100256,0.507274902,-0.010144614,0.828000192
100193,0.030805466,-0.170418763,0.327065026
100216,-0.258672144,0.340509926,0.004959768
100126,0.877912534,0.375660788,0.714886621
100238,-0.291683245,-0.498822792,0.33537433
100173,0.322379418,-0.154233452,0.468363924
100009,0.165745358,0.531662263,-0.154575226
100136,-0.042643902,-0.144167668,0.905754428
100047,0.483072679,0.936792862,0.408355034
100024,-0.227295878,-0.095516006,0.329979801
100300,-0.398536304,0.356228483,0.72947797
100151,0.221950452,-0.22992793,0.046187251
100174,-0.315392879,0.189325688,0.527245355
100219,0.873124561,0.43545416,-0.417812358
100258,0.932370511,0.184359165,0.386460259
100016,0.229943669,0.346831679,0.83876023
100030,0.554527298,0.202744794,0.223119241
100248,-0.363776805,0.65645129,-0.072452597
100133,0.59724325,-0.077902381,0.958408128
100027,-0.436274051,0.846442447,0.021489001
100257,-0.102333417,0.928415923,-0.192768524
100208,-0.217715811,0.777930879,0.526355389
100083,0.96727892,-0.490920371,0.287921035
100117,0.986127388,-0.036711713,0.592629149
100005,0.956605286,0.162465538,0.393167795
100236,0.575198554,0.580907132,0.359200912
100100,-0.009223335,0.778485124,0.461228344
100171,0.800647126,0.060496522,-0.013943995
100072,0.993343322,-0.434689075,0.489792752
100123,0.077616411,0.508970923,0.165296059
100145,0.316548101,-0.361754749,0.422608441
100116,-0.429596288,0.696498225,-0.303426199
100283,-0.279254016,0.733418134,-0.380420535
100163,0.046209322,0.175269051,0.42562101
100270,-0.202097176,0.366000327,0.115129225
100055,0.62183785,-0.048402072,0.740212139
100254,0.726868346,0.401259697,0.404893935
100201,-0.128016449,-0.218256477,-0.237541624
100028,0.104162133,0.685734797,-0.195500665
100183,0.530484756,0.50008304,-0.354966528
100260,0.32799593,0.53384625,-0.230167176
100018,0.647651513,-0.093891498,0.047578451
100283,-0.318287016,0.915614929,-0.054089587
100295,0.606624064,-0.142839152,0.293673854
100158,0.474711214,0.106402642,-0.024741166
100202,0.876092724,0.742812805,0.346087364
100157,0.344192278,0.293285207,0.06068664
100228,0.922541972,0.487126819,-0.082958689
100046,0.009510526,-0.057005763,0.013020781
100205,0.233178314,-0.304504027,0.534934108
100180,0.994064598,-0.11958005,0.961062741
100173,0.120407453,0.118490182,0.677760565
100013,-0.143560987,-0.461312845,0.777483698
100168,0.461083217,-0.023505886,0.662805239
100173,-0.463390709,0.864936948,-0.334275167
100181,-0.179772809,0.044367217,-0.071490782
100243,-0.149153465,0.734361387,0.720629193
100097,0.529158522,-0.190039936,0.170140412
100174,0.418304688,0.66257914,-0.19748017
100208,0.859432813,-0.27108904,0.620114898
100170,0.804248249,0.102606561,0.288875081
100140,0.010332626,0.166877087,0.487553313
100249,0.396660811,0.660996742,-0.168244681
100109,0.755762946,0.972526521,-0.355803451
100041,0.124951718,0.699536328,-0.484224525
100293,-0.482708633,-0.350479571,0.955191788
100115,0.056235028,-0.258265722,-0.026380172
100088,0.951060117,0.963495841,-0.154353241
100034,-0.112873891,-0.461036432,0.722278739
100192,0.775940487,0.145153557,-0.252082626
100140,0.734894307,0.704012214,-0.409649675
100080,0.853478175,-0.201170335,0.762867634
100105,0.199167833,-0.411932669,0.473337623
100201,0.554112022,0.691716814,0.800535826
100076,0.610697552,0.945187743,-0.080615607
100169,0.510042923,-0.14753727,0.17509247
100254,-0.466649687,-0.077244409,0.081521556
100250,0.362121903,-0.356895267,-0.288920204
100083,0.2166066,0.141307158,0.758303071
100102,0.030981965,0.577840939,0.118330833
100079,0.045293923,-0.406288946,0.458452041
100076,0.512436807,-0.366197633,-0.294150506
100276,0.972948743,-0.034486297,-0.04345792
100239,0.491354601,0.04402903,-0.291041433
100152,0.857605672,-0.201373159,0.458493596
100172,-0.113707228,0.86263883,0.24720466
100197,-0.220302177,-0.436847572,0.694052067
100283,0.806464356,-0.427133783,0.808314295
100161,-0.039487066,0.176664784,0.150774545
100082,0.964547285,-0.119889296,0.233698353
100217,0.396722164,0.261911334,-0.326119293
100260,0.810689683,-0.329887901,0.885977791
100039,0.371650251,0.354800106,-0.316393949
100012,-0.104650545,-0.096107033,0.108168421
100147,0.189391798,-0.103009445,0.712368547
100099,0.256246187,0.783431504,-0.47289926
100136,-0.183401357,-0.39011892,0.705720481
100094,0.712634594,0.484020347,-0.300525425
100164,-0.477466437,-0.398324516,0.864940107
100066,0.405203066,-0.463703091,-0.389310962
100268,-0.229169847,-0.099797965,0.363786335
100073,0.53717446,0.414269719,0.916373053
100035,0.06699994,0.204477953,-0.073634331
100057,0.601273058,-0.345685424,-0.279160802
100170,0.837326013,-0.427697957,-0.257804823
100041,-0.283164804,0.862467283,0.941079418
100103,0.790329054,-0.020631071,0.818579491
100200,0.211840532,-0.467466704,0.427830548
100048,0.512457219,0.578668015,-0.208982056
100213,0.280313314,0.133882749,-0.229682857
100260,0.415508171,0.044180345,-0.336488276
100075,0.410069603,0.634404228,0.051498561
100050,-0.291271564,-0.103936189,0.420459464
100115,0.34712179,0.415473077,-0.398434064
100011,0.656823782,-0.030745469,0.931151654
100080,0.980063297,0.153469174,0.090304789
100120,0.859449782,0.982948986,0.779454675
100023,-0.146437133,0.623642379,0.890153195
100231,0.952958206,0.995173101,0.74794044
100188,0.949357857,-0.247644878,0.84975709
100201,0.690504886,0.341398157,0.50246401
100084,0.956320083,0.528573205,-0.36495691
100180,0.514710769,0.557282874,0.876287716
100298,0.786451778,-0.430506293,0.305812149
100029,-0.008428825,0.612544113,-3.12333E-05
100239,0.968695181,-0.287166072,0.182130393
100080,0.107521536,0.285683948,0.407067812
100092,0.606302798,0.297850421,0.4242746
100174,0.375627626,0.396541654,0.440625837
100213,0.204241257,0.432848936,0.519451356
100095,0.613219243,0.209337575,0.627599077
100173,0.32913554,0.97335752,-0.311403952
100253,0.650749569,0.007497751,0.464257794
100201,0.371562842,0.070491902,0.388319092
100152,0.825845518,0.818638573,0.983993263
100008,-0.377649432,-0.350796425,0.187471449
100234,0.915121714,0.667103797,-0.328243266
100065,-0.131906597,-0.420948238,0.693577264
100172,0.159349077,-0.317521477,-0.146314586
100223,-0.359777035,0.648665752,0.140531728
100004,-0.438320212,0.443573248,0.515919143
100039,-0.013376383,-0.353720912,0.708323348
100087,0.675876744,0.034556962,0.384563617
100170,0.511235129,0.941253149,-0.368559931
100061,-0.198395504,0.897863009,0.563362909
100152,-0.349455798,-0.436556958,-0.207427707
100116,0.817029926,-0.437091157,-0.308081846
100143,-0.25628283,0.581931993,-0.328280075
100058,0.147832291,0.202311794,0.686689976
100212,0.945956145,0.086622749,0.420423616
100006,-0.068464679,0.447157927,-0.153739197
100071,0.273708392,0.608747936,-0.079591461
100151,0.055107729,0.096006447,0.110429717
100268,-0.256788773,0.083688772,0.021825248
100017,0.990150237,0.871181108,0.662835888
100026,0.868903488,-0.286583185,0.537462792
100293,0.044683295,0.556469479,-0.314915194
100145,-0.477603461,-0.191622831,0.681332287
100269,0.935383819,-0.418120193,0.40093268
100130,-0.339025127,0.314649951,0.156094573
100276,0.760202796,0.961952173,-0.10102199
100238,0.886350225,0.91535946,-0.049178637
100278,-0.096996253,-0.373003734,0.39529315
100050,0.236446386,0.529071437,0.414202994
100157,0.680396959,-0.149404798,-0.473816937
100103,0.1138892,0.159197658,0.504535357
100054,0.147353488,-0.146443533,0.257274977
100202,0.963795052,0.187429779,-0.246830451
100066,-0.331870211,-0.29089298,0.163171836
100187,0.576145073,0.692029411,0.452514169
100048,0.421514231,0.378450476,0.263212331
100252,-0.00780504,0.447893019,0.080967688
100043,0.505490375,0.599066355,-0.058478545
100130,0.314786812,0.259490627,-0.17125075
100252,-0.229869962,-0.128104089,-0.353064451
100294,-0.451419181,-0.425473017,0.477460703
100088,0.886837925,0.283588374,-0.375936389
100087,0.272740092,0.879092817,0.627277224
100242,-0.067291549,-0.257773168,0.947972986
100103,0.038354198,-0.247888807,-0.180388044
100105,0.432314174,0.329881819,0.812996639
100147,0.192556311,0.406121915,-0.081724425
100215,-0.005293812,-0.023109331,0.364850039
100128,0.989585982,-0.074373728,0.787576864
100195,-0.233362607,0.954749546,0.813961118
100075,0.517984725,-0.416792271,0.200778389
100258,-0.117228571,0.331557879,-0.291677192
100072,-0.318971625,0.958597202,0.583410225
100068,0.480124658,-0.318150576,-0.006994941
100082,0.806189949,0.098819734,0.876320954
100039,0.747619786,0.872738925,-0.407535512
100033,0.506660816,0.470537902,-0.421161569
100275,0.708298088,0.450069006,0.688049094
100247,-0.043748009,0.049758987,-0.375788161
100076,-0.361936979,0.241212785,0.191646385
100275,-0.369431097,0.05023408,0.887358501
100168,0.812782834,0.039784945,0.331613109
100257,0.310168948,0.555520442,0.77187809
100137,-0.381997174,-0.325716237,-0.312716604
100092,0.86842028,-0.256364699,0.273381158
100190,-0.079478442,0.739097201,0.685578382
100140,0.403474692,0.277461194,0.509828122
100298,-0.087109392,0.857855977,0.868387384
100281,-0.487505383,0.531053585,-0.238423051
100292,0.805683216,0.99878507,0.20065589
100082,0.265772648,0.186760252,0.810288259
100036,0.140531776,0.889758731,0.172560821
100079,0.488363108,0.265839765,0.594702091
100290,0.735160901,0.162332974,-0.049949403
100123,0.259986511,0.082349513,0.230006524
100093,-0.157517461,-0.22675074,0.852364281
100053,-0.155789812,0.767233655,0.875507794
100099,-0.101165906,0.493138703,-0.208846009
100133,0.224267338,-0.082591121,0.863770268
100103,0.655710673,0.714743111,-0.167272469
100045,-0.472647072,-0.065331951,0.574053601
100154,-0.349361467,-0.341914322,0.121456688
100182,0.611464407,0.609599582,0.898129432
100044,-0.430272747,-0.272267956,0.978275185
100007,0.191290562,-0.47726672,0.326402881
100108,0.709512717,0.045755601,0.260043257
100045,-0.217823821,0.158336187,-0.322610863
100176,-0.424907294,0.510607692,0.90983787
100234,-0.155245258,-0.280579714,-0.180762814
100157,0.443214453,0.990812952,0.870158576
100279,0.263548376,-0.238425548,0.589120517
100086,-0.082637161,-0.152231459,0.979935925
100108,0.887115013,0.237174325,0.174283364
100191,-0.350801231,-0.490765081,0.817667841
100087,0.178405493,0.768439584,0.478436936
100142,-0.134906623,-0.156297688,0.834982123
100176,0.629596853,0.863185878,0.361526301
100068,-0.163279021,-0.144109602,0.248675944
100095,0.421801715,0.467553545,0.425702137
100108,0.301609201,0.975275216,0.940506817
100273,-0.12145427,0.935012347,0.293440783
100290,0.395174856,-0.357884095,-0.101600769
100070,0.60439001,0.255318255,-0.332801006
100076,-0.012935223,-0.073047035,0.747265381
100239,-0.042205493,0.034972448,-0.210261707
100071,0.053035015,0.450981932,0.295611471
100078,0.685654781,0.26550478,0.305851314
100015,0.388949266,-0.331234826,-0.456869492
100123,-0.191135171,-0.138584778,-0.096205637
100076,-0.119945547,0.960207697,0.581175124
100053,0.962842692,0.466390714,0.869292635
100074,0.426281444,-0.173045311,-0.221393607
100074,0.409420267,0.118431746,0.511412538
100246,-0.388413608,0.331780181,0.401977924
100209,0.700169643,0.750873983,0.584299716
100205,-0.354232419,0.04848629,0.413939153
100134,0.224053965,-0.31621797,-0.09745143
100211,0.488722413,0.443126409,0.057748154
100025,0.260788409,0.663600467,0.223191182
100077,0.260737023,0.99808625,-0.342741206
100237,0.625051245,0.828551108,0.45627857
100200,0.649782275,-0.32934568,0.901707902
100278,-0.059053288,-0.254239944,-0.383417669
100190,0.323152731,0.055430655,0.227927606
100208,-0.377528403,-0.275427201,0.313310535
100034,0.034875648,-0.297253782,0.82915032
100068,-0.442164028,0.082073483,0.07202034
100141,0.582475373,-0.304955853,0.485640775
100039,0.367534735,0.288195177,0.476004518
100203,-0.456598113,-0.095813437,0.619127963
100240,0.818886896,0.179216025,-0.100738702
100028,0.049042796,-0.349880647,0.768965207
100073,-0.378063455,0.484830307,0.617139692
100274,0.42212836,-0.088898093,-0.291717676
100058,-0.451412443,0.457034991,0.968869096
100259,0.593914017,0.554250095,-0.498356902
100052,0.929496896,0.948490456,0.133181132
100026,0.361230953,0.99888112,0.604041622
100013,0.008143483,0.372246116,-0.478396547
100217,0.005774217,0.489624182,0.207378656
100051,-0.132031255,0.141768551,0.523914131
100167,-0.362671838,-0.468478056,0.41067875
100040,0.060660772,0.877467563,0.978951071
100100,-0.12497604,0.000911602,0.68025634
100019,-0.193718966,0.098157127,0.725531491
100018,-0.170327781,-0.352467159,0.348226134
100237,-0.277604046,-0.23027552,0.75666309
100240,0.79201108,0.670822109,0.713041062
100176,-0.27847415,0.797474645,0.897242023
100074,-0.42124274,0.029094931,0.862477306
100112,0.02271611,0.882042146,0.258535222
100197,-0.37291724,-0.261822277,0.373562454
100047,0.549077231,-0.317423672,-0.30433107
100099,-0.293323438,-0.231731463,0.067050467
100290,0.883842435,0.365748308,0.928900514
100088,0.066967198,0.148027113,-0.006227091
100259,0.872478705,0.509633037,-0.36897167
100235,-0.062538942,-0.239612132,0.028339468
100278,-0.455436846,-0.051827808,0.162557847
100122,0.520123795,-0.112975939,0.802400765
100238,0.28206168,-0.403563812,0.870323552
100010,0.953189979,0.143068447,0.837654933
100116,-0.260456264,0.839350541,0.211148853
100101,-0.209714369,0.513385493,0.139891717
100203,0.686455902,-0.111507211,0.083536861
100228,-0.477633308,0.683016458,0.77759531
100243,0.131160179,0.095624584,-0.339389605
100269,0.958384709,0.595187142,0.960172533
100258,-0.099803512,0.667588404,-0.172125168
100106,0.144232449,0.754434891,0.136328303
100073,-0.23251917,-0.126496668,0.318283026
100042,-0.045513412,0.461032652,-0.232369151
100283,0.517169951,0.30600378,-0.49987284
100193,-0.106121692,0.179147272,0.75368822
100146,0.390236948,0.702076933,-0.339700877
100109,-0.252844892,0.891797714,0.459229515
100228,0.117677004,0.048125194,0.345090168
100068,0.836560022,0.841499816,0.675858433
100210,0.662549671,-0.454276048,0.867526307
100104,0.86143674,-0.300223057,-0.015490867
100212,0.6225381,-0.209237601,-0.119914399
100056,0.608401094,-0.453685158,0.222408487
100001,0.94320599,0.595782277,0.732075353
100186,0.942464251,0.220457436,0.616834482
100277,0.074155461,0.905549636,0.075458646
100297,0.176335602,0.076273608,0.389794121
100064,0.823444223,0.900910881,-0.133623887
100042,-0.000442834,-0.379700769,0.831590946
100136,-0.452958574,-0.492764337,0.667282801
100154,0.576680993,0.641080452,0.834207361
100055,0.527389596,0.751703678,-0.321904834
100007,-0.283768099,0.891796527,0.60325553
100026,0.978704804,0.820805851,0.754073278
100162,0.921109561,0.548671261,-0.121109901
100191,-0.126348605,-0.346492845,0.787589166
100282,0.859414346,-0.410572879,-0.438176082
100197,0.491511949,0.001741937,0.337169832
100178,0.380586182,-0.228800441,0.655009305
100076,0.136180411,-0.093077495,0.171349941
100120,0.171260139,-0.302851906,0.392184009
100240,-0.387362766,0.688639573,0.91980719
100042,0.627932887,0.447450354,0.409538721
100216,-0.376710613,0.82715949,0.003858377
100130,0.164480442,-0.101407392,0.595639797
100279,0.083322479,0.212133724,-0.273471863
100296,-0.378315165,0.733706387,0.096649937
100087,0.902906544,0.857655207,0.914274779
100213,0.619832605,0.038601884,0.383103946
100244,-0.239170755,0.287783764,0.567060149
100134,0.964030152,0.475936469,-0.431364411
100173,-0.4573677,0.922403005,0.403851708
100117,0.182206188,0.171573961,0.064077393
100096,0.748871269,0.19511186,-0.09778083
100296,-0.303286057,0.777312237,0.627383264
100161,0.397353683,0.230618338,-0.350347706
100248,0.898082923,0.108885898,0.825282873
100081,0.918324017,-0.07772257,0.440507087
100069,-0.032558369,0.181918084,0.508346325
100023,0.77767364,-0.453980208,0.785901353
100238,0.471077461,0.426813001,0.496381701
100175,-0.124934387,-0.062004967,0.345618706
100002,0.202954462,0.939509374,-0.416760536
100070,0.449593669,0.069845813,-0.219759284
100268,0.64928256,0.472411055,0.821765537
100031,-0.380102686,-0.472345384,0.041664265
100157,0.246129384,0.766308857,0.519932829
100166,0.16087131,0.582955461,0.383499632
100085,-0.006278456,0.991751261,0.408887599
100270,0.816512417,-0.008170852,0.379956147
100250,0.559392254,-0.34439791,-0.076498254
100027,0.810230111,-0.083379694,0.534126189
100122,0.458650813,-0.015925838,-0.406371638
100199,-0.391786507,-0.287722469,0.649110626
100120,0.763958552,0.055645456,-0.21599249
100109,-0.081271566,-0.461053412,0.154535245
100231,0.252061739,0.554607007,-0.105362029
100270,-0.433922663,0.676330987,-0.380519902
100002,-0.35776761,0.022043155,-0.049722528
100013,-0.200961486,-0.281628026,0.209291448
100060,-0.23172116,-0.390645832,-0.017328959
100254,0.040864155,0.105096444,-0.483651005
100053,-0.430092483,0.558528341,0.34609847
100030,0.780216577,-0.496818029,-0.452912502
100235,-0.124291132,-0.496052607,0.585293549
100143,-0.348327058,-0.237203379,0.396516312
100045,0.143058565,0.411081418,0.937892276
100142,-0.389278641,0.245183491,-0.006191376
100206,-0.472769574,-0.209531254,0.751490916
100278,0.18868376,0.991138252,-0.056502363
100036,-0.094043422,0.554743947,-0.197298984
100174,0.126609201,-0.200781567,0.554505349
100006,-0.351916352,-0.406566483,0.797555342
100070,0.609637933,0.806504509,0.864204584
100159,0.532833907,0.583859939,0.140618503
100234,0.708989823,0.141402251,0.392993905
100026,-0.485425125,0.232234375,-0.479662468
100237,-0.136935221,-0.471748294,0.374745816
100224,-0.496916027,0.79044824,-0.378719469
100117,0.094709256,0.496594243,0.099364275
100298,0.447394767,0.513239889,0.094159456
100222,-0.309015837,0.133779252,0.741271205
100040,0.360685484,0.52570599,0.827264517
100294,-0.346204007,0.306689411,0.608485424
100273,0.629645149,-0.139894839,0.478256209
100107,0.199394302,-0.397644072,-0.011109909
100030,0.68302744,0.727916397,-0.101897491
100186,0.375307374,0.265622654,0.672408385
100237,0.92936286,0.683034149,0.52530621
100039,0.709280537,0.972442586,-0.270512481
100214,0.533673872,-0.289468702,0.924857664
100287,0.241831531,0.111864847,0.944157048
100298,0.207962662,0.867520569,0.159068507
100285,-0.203386526,0.780579287,-0.483477132
100046,0.728273733,0.757436244,0.070019758
100173,0.590986005,0.135037104,-0.181424533
100262,-0.057284002,-0.49854621,-0.148896039
100252,0.258656367,0.060694141,0.939771993
100142,0.736927161,0.907599542,0.755180739
100068,-0.177374345,0.656322903,0.127202091
100269,0.697124436,-0.460347021,-0.457911303
100192,-0.306904913,0.710317611,0.67340758
100108,0.203736769,-0.134917829,0.441216315
100163,-0.087549067,0.529482109,-0.463647935
100220,-0.286847957,-0.246104411,0.139529831
100110,0.631998234,0.776839011,0.311866871
100031,0.109783257,0.08543305,0.124765997
100267,0.039211127,-0.282843608,-0.472451131
100132,-0.377091151,0.42352229,-0.052817309
100231,0.888219866,0.893340354,0.517533227
100161,-0.424040603,0.693528193,0.543312083
100052,0.661372272,0.480206843,-0.227165436
100046,0.464957094,-0.158521664,-0.082251435
100177,0.485417248,0.097036721,0.912233116
100045,0.275621715,0.558586253,-0.049626622
100088,0.922516303,0.645616409,0.326641099
100265,0.396717025,0.969575507,0.510880902
100256,0.735422309,0.896265035,0.119047486
100036,0.71268649,0.712607904,0.921859767
100210,-0.207655505,-0.286362073,-0.471113561
100052,0.663623053,-0.457989951,0.784337965
100169,-0.228018927,-0.295819291,0.418843388
100019,0.657878837,-0.195360665,0.106465404
100154,0.38610868,0.188035041,0.436784271
100234,-0.295497893,0.445136564,0.875515378
100266,-0.327067013,-0.211726933,-0.331393819
100118,0.015806115,0.785405321,0.827346858
100055,0.615419679,-0.417860804,0.611739712
100217,-0.467687177,-0.243423009,-0.266344381
100068,0.074130695,-0.488352502,-0.419540906
100293,0.007721593,0.790203867,0.712333094
100169,0.124188585,0.979661668,0.342413304
100140,-0.457297003,-0.024481394,0.387613719
100128,-0.470332248,0.83487189,0.734988278
100127,-0.255593231,0.664094241,0.74533745
100035,-0.242972212,0.730430396,0.116020638
100296,0.486823681,0.43891019,0.037471589
100186,-0.464911793,-0.268563159,0.782789837
100152,-0.254467521,0.188082366,-0.272100118
100051,0.294739661,0.758609737,-0.123930599
100193,0.013962145,-0.424954426,0.6984426
100294,0.44615087,-0.16239892,0.963823458
100079,0.727022251,0.306799857,-0.03933033
100103,0.491968608,0.230844001,0.796004904
100061,0.96948183,-0.438783249,0.626695357
100249,0.298514411,0.377390719,0.259772339
100160,0.30972075,0.356620157,0.407504514
100190,0.593618675,-0.438775262,0.268188467
100245,-0.1147355,0.027904029,0.386436565
100207,-0.322158616,0.784654075,0.05655448
100013,0.694002827,0.037049718,0.338221254
100135,0.095211766,0.364913205,0.632462651
100032,0.50895385,0.395826982,-0.255930657
100074,0.634027362,-0.050202922,0.362435837
100222,0.745902718,0.235042576,0.542308809
100219,0.209182913,-0.315154109,0.067657543
100138,0.640033672,0.223225411,0.196167206
100194,0.07418401,0.813528391,-0.443184592
100014,0.053998551,0.941961526,-0.038187977
100213,0.401866124,0.060435286,0.749923385
100227,-0.030172979,-0.017548295,0.503482776
100251,0.170813696,0.121186334,-0.130641665
100161,0.963777831,0.360992751,0.038741686
100299,0.981096189,0.034813881,-0.447749289
100276,-0.484634239,0.926201737,0.364392605
100126,0.501908167,-0.386522441,0.154468033
100004,0.03136241,-0.412730296,0.40673726
100025,0.540238643,-0.364502218,0.492450368
100055,0.77098449,0.727941788,-0.098820759
100281,0.848650058,0.438569154,0.323102701
100238,-0.113664164,0.418754929,-0.276159363
100137,0.038782203,-0.402172426,0.099903805
100135,0.360220716,-0.182338314,0.885083385
100272,0.727987485,0.928195064,0.992177312
100058,0.347268339,-0.466593985,-0.469017337
100189,-0.240625511,0.006413125,0.501210576
100214,0.542465797,-0.255122814,0.253389287
100009,0.425634587,-0.032785589,0.45760394
100110,0.153302947,-0.454304573,0.684173415
100171,0.286398842,-0.487895364,-0.240738624
100109,0.72566766,-0.265215284,0.435147086
100009,0.10392463,-0.330811389,0.926249204
100037,-0.362028534,0.191417827,0.665369021
100008,0.184944294,-0.202511586,0.355893759
100269,0.325597294,-0.07082124,0.797898485
100066,0.497290383,0.064563402,0.266752054
100048,0.472404919,0.458253471,0.489351453
100009,0.260662503,0.707360748,0.284712961
100242,0.591387702,-0.246621942,0.150895182
100009,-0.393433847,0.257921017,-0.11037944
100066,0.669849801,-0.312035486,0.64257094
100188,0.602266969,0.345362532,0.719578868
100013,0.581895956,0.16348327,-0.340560698
100278,0.639380413,0.864676817,-0.375671374
100229,0.803828371,0.80865307,-0.321712167
100164,0.356706095,0.908193361,0.591755494
100005,-0.360722689,-0.124008077,0.767297875
100185,0.448101977,0.663681347,0.223400346
100095,0.793582974,0.426693299,0.325242414
100259,0.171210009,0.944594321,-0.120584504
100117,0.147537759,-0.067652169,-0.443936566
100133,0.273541073,0.125466807,-0.403079795
100176,-0.088826805,-0.245635825,0.089667675
100147,-0.305194804,0.291718857,0.535991686
100027,-0.258012038,-0.434777422,-0.076292374
100136,0.672608153,-0.411757322,0.156653557
100219,0.05378462,-0.240215994,-0.107699597
100185,-0.026546821,0.206098841,0.390078488
100059,-0.374870718,0.661065975,0.066745452
100109,0.06584901,-0.294421453,0.868015083
100225,-0.105248264,0.488182943,0.330736259
100031,-0.420004124,0.816261877,-0.170944872
100144,-0.489530552,-0.312127715,-0.471745548
100094,0.915508974,0.765687658,-0.083868122
100001,-0.102137888,0.36998841,0.891309131
100116,0.373273068,0.5389269,0.231798635
100099,-0.011341795,0.301302476,-0.227353226
100170,-0.223392441,-0.024139467,-0.471532064
100202,-0.353482961,0.769739318,0.479477853
100241,-0.313318225,0.50320914,0.088972138
100245,0.771349185,0.911222771,0.426305817
100100,-0.327932767,-0.236789292,-0.129865053
100009,-0.316590714,0.497504846,0.181524913
100059,-0.022701906,-0.405955002,0.629149549
100070,0.841480057,0.107025489,0.133302353
100202,0.616370106,0.401004979,0.547891688
100295,0.900519996,-0.147754694,0.969925246
100236,0.405876687,-0.140698312,0.599505162
100220,0.445202267,0.585703291,-0.411952525
100226,-0.024857548,-0.413490662,0.686979947
100088,0.686677954,0.196191705,0.427820201
100197,0.007826937,0.812077459,0.214456219
100221,-0.064684481,-0.332943638,-0.186573409
100074,0.875166499,0.432952197,0.057199924
100152,0.899364147,-0.104432411,-0.154150081
100188,0.356753664,0.496449969,0.466087412
100156,0.557819392,0.279343658,0.796011562
100112,-0.227534604,-0.150996631,0.572952874
100260,-0.261437912,0.003987554,0.69270622
100058,0.212524683,-0.116745378,0.874147883
100136,0.023988242,0.543870482,-0.490562514
100175,-0.007043635,0.171587304,0.414524974
100125,0.499943781,0.865462529,-0.111792487
100289,-0.436051108,0.494440875,0.348220244
100066,-0.427561918,-0.040292272,0.28263089
100219,0.62231422,-0.382393047,0.095381385
100227,-0.092716111,-0.244870995,-0.188168437
100254,-0.104084647,0.041636489,-0.260410394
100143,-0.269478597,-0.14855863,-0.337212442
100215,0.375332559,0.337958579,-0.421182751
100195,0.434764698,0.23807859,-0.261283847
100152,0.983126594,0.628435559,0.02962914
100148,-0.076901128,0.597723821,0.124908462
100250,0.229270952,-0.460473091,0.7590926
100121,-0.390626639,0.807867143,0.053689668
100200,0.384253902,0.648114464,-0.278678495
100024,-0.261971615,-0.25043617,0.990998518
100104,0.656670508,-0.276320182,-0.384973301
100120,0.098509593,-0.049368952,0.526963414
100284,0.385876922,0.63048277,-0.073849671
100271,0.663885624,0.165918641,0.324997645
100068,0.428799741,0.382781632,0.68731692
100269,0.557545563,-0.420579034,-0.431911789
100055,0.711390268,0.697336189,-0.410473786
100274,0.07445799,-0.444646242,0.223877038
100099,0.247215102,0.535042114,0.907908563
100275,0.614512978,0.849666276,-0.4286701
100120,0.453134941,-0.086071726,-0.317300867
100213,0.351595616,-0.063287609,-0.457876973
100052,-0.205524129,0.674873446,-0.427471194
100149,0.46863893,0.634991168,0.231596211
100002,0.773232954,-0.366663689,0.254397777
100262,0.343725976,0.200570508,-0.311860745
100066,0.611111597,0.216645054,-0.16150588
100165,0.171685045,-0.217076948,0.204959205
100066,-0.276080784,0.304566428,0.039379838
100144,-0.236853951,-0.04960436,0.579056111
100015,0.120196698,0.876895127,0.585945296
100086,0.850980294,0.640804853,-0.094079134
100145,-0.076044925,-0.124072375,0.449868502
100299,0.949189298,0.431181258,-0.278709715
100046,0.687614036,0.419325261,0.473961621
100191,-0.152025509,-0.285791851,-0.353140545
100217,0.618545329,-0.459175827,0.060756652
100252,-0.075532972,0.983177301,0.736008519
100213,0.851986799,0.786878247,0.627898339
100270,-0.258854643,-0.095978694,0.47608645
100150,0.753405254,0.684333197,0.875206838
100252,0.76654704,0.594744691,0.462435709
100284,0.777921372,0.769441758,-0.387514483
100258,0.527766255,-0.364367338,0.150806601
100246,-0.242077221,-0.319007545,0.154970437
100289,0.192444415,0.514846022,-0.387576157
100040,-0.225748678,0.941337057,0.830910097
100073,-0.318162008,0.857459703,-0.002697913
100253,0.723315411,0.764533158,-0.424011671
100096,0.846392287,0.522393308,0.9836882
100151,-0.369474459,0.875019506,0.809934506
100257,0.542909319,0.792505351,-0.257811517
100221,0.560585983,-0.085114349,-0.258333469
100141,0.43709792,-0.14195129,-0.429000619
100021,-0.146749808,-0.360397657,-0.030782442
100139,0.458633087,0.299679881,-0.132052566
100066,0.248635537,0.272672169,-0.150171287
100078,0.28402584,0.231725547,0.535967545
100263,0.960112745,0.097137063,-0.29734968
100101,0.709670632,0.836417545,0.307065181
100022,-0.007248777,0.511921442,0.02034901
100185,0.066111543,0.473424882,0.407835356
100194,-0.044202502,-0.480987823,0.229518663
100014,-0.246677242,0.662547994,0.659740118
100222,-0.339243993,-0.080011992,-0.166131185
100087,-0.089323046,0.468108164,0.290123582
100164,0.184969536,-0.355628504,-0.027054504
100202,0.744193932,0.265949197,-0.346919526
100246,0.77738605,0.069037107,0.474677084
100285,0.230536989,0.452898084,0.495837277
100276,-0.102699462,-0.230669181,0.107988702
100062,0.925218361,0.688342126,0.857591727
100022,0.833783981,0.576530703,0.718958166
100143,0.040307976,0.557186948,0.584032697
100186,0.778174234,0.292539401,-0.105461027
100033,-0.3257629,0.596520992,0.698683661
100004,0.264180065,0.916972767,-0.163568755
100021,0.761776291,0.708853723,0.690389114
100236,-0.408558697,-0.483970405,-0.096630082
100029,0.925330216,-0.418243509,-0.206483977
100180,0.241568733,0.499793305,0.425148022
100297,0.622034063,0.435596832,-0.311006275
100210,0.312569881,-0.287223543,-0.206078425
100158,-0.484027806,-0.491007509,0.413518511
100286,-0.344498854,-0.03057893,0.961355218
100042,-0.091945962,-0.208150107,0.168666805
100153,-0.498418683,-0.02911372,0.190809589
100115,-0.490688515,0.235018086,0.161900657
100287,-0.323579005,-0.226932215,0.756330278
100217,-0.434423188,0.273439509,-0.488380467
100063,-0.409715831,0.372238803,0.713904106
100197,0.810301758,0.999807603,0.596871455
100200,0.855429888,0.189800413,0.850650872
100296,0.392387984,-0.473525696,-0.379729214
100291,-0.250524922,-0.184591365,-0.418448967
100251,-0.489738618,-0.399691888,0.375284985
100178,-0.047524531,-0.35958672,-0.286248285
100243,0.313179239,0.072163981,-0.457410546
100276,-0.120805559,-0.330878565,0.848565566
100250,0.344062855,0.846346154,0.705228142
100282,0.353127242,0.973658674,0.577640564
100183,0.190195869,0.227224385,-0.057957203
100070,0.070456492,0.24117148,0.165444879
100001,-0.358330188,0.36699301,-0.139969001
100147,0.532920909,0.082115754,0.647875605
100196,0.386464953,0.936311523,-0.299998033
100090,-0.117523098,-0.416274173,-0.006664748
100293,0.472901027,-0.155636777,0.033839732
100145,-0.125948053,0.007103336,0.826978653
100033,0.256147889,0.517050811,0.005166961
100027,0.81943339,0.526096104,0.363936537
100149,-0.463471198,0.416625288,0.431831253
100201,0.883271429,0.378247745,-0.16488875
100198,0.490327804,0.911207987,0.963214087
100241,0.992954016,0.689602382,-0.122079725
100218,0.727574323,0.546339751,0.15150578
100214,-0.317808732,0.085251942,0.735761051
100084,0.061591425,0.637609497,-0.068292729
100190,0.526050976,-0.349043371,0.93349787
100069,0.588869505,-0.364452215,-0.119259988
100073,-0.026703387,-0.09692241,-0.043659859
100067,0.955648198,0.312539659,-0.404766246
100105,0.892391229,0.345285014,0.105557888
100099,-0.240057469,-0.234434136,0.373810159
100147,0.754350013,0.100514781,-0.353421989
100234,0.313326241,0.515463257,0.937397028
100098,0.889498733,0.472411869,0.467620156
100019,0.322801933,-0.185985162,0.050576425
100233,-0.195252767,-0.046713332,0.02023509
100180,-0.018605004,-0.215621508,0.610597411
100207,-0.445699029,0.870530332,0.204352468
100194,-0.057930747,0.72908731,-0.000591712
100069,0.503923454,0.057231146,-0.007611006
100168,0.461893069,0.502378519,0.701775485
100291,-0.299492413,0.636459204,-0.272166577
100105,0.940682361,-0.031975673,-0.423937621
100181,0.49313105,0.520880231,0.92385254
100081,0.337515922,0.668767667,0.953838689
100225,0.086937854,-0.432550393,0.738612584
100270,-0.447056996,0.581674571,0.539366349
100289,0.2352215,-0.286835558,0.066496828
100126,0.023857891,0.878017399,0.380151509
100143,0.480842935,-0.464791693,0.237297498
100080,0.916344042,0.250380379,-0.498001552
100179,0.821542407,0.982595686,-0.163754049
100277,0.265117866,-0.355897844,0.673776261
100024,0.560856472,0.404754702,0.644510574
100225,-0.363488782,-0.429276971,-0.135589433
100298,-0.286698373,0.603878128,0.637806174
100028,0.169009495,-0.422218462,0.352450984
100035,-0.098524584,0.375020951,-0.087527592
100008,0.576105401,0.793935073,0.692872347
100267,0.305828772,0.721374105,0.505563664
100247,0.997567496,-0.101734116,-0.414849911
100187,-0.375000389,-0.0074561,0.788571669
100252,0.868248051,-0.206317241,0.367927255
100167,-0.346090702,0.386644276,0.269383279
100249,0.499038044,0.878642565,-0.357092226
100149,0.696753181,-0.46653908,0.946839788
100208,0.243219091,-0.066352755,-0.285939738
100009,-0.178060991,0.69674638,0.795497515
100298,0.638337113,-0.118183037,-0.10386176
100186,0.369271449,0.970804512,-0.191701932
100053,0.956123249,0.395509296,0.221764515
100076,-0.265689316,-0.092076866,-0.336663666
100173,-0.261013296,0.3592539,-0.120588184
100031,0.579271835,0.255548927,-0.093848587
100127,0.572305196,-0.055222373,0.015433792
100193,-0.340118317,-0.37444532,-0.076883159
100171,-0.133567975,0.173357271,0.359052435
100091,0.227453726,0.210439428,-0.071099212
100288,-0.02794456,-0.326921921,-0.200559155
100001,-0.258927889,0.608809276,0.847231766
100048,-0.193771268,0.048942678,0.65588267
100073,0.08752845,-0.034851291,0.561573697
100147,0.984806352,-0.374805291,-0.168940505
100282,0.254360682,0.184211697,0.98827793
100244,0.920538962,0.351536739,-0.010148764
100298,-0.18441575,0.710801735,0.528683447
100243,-0.070827386,0.559128641,0.456041455
100140,0.091331822,0.855135298,0.522457116
100222,0.530043318,0.666251494,-0.271563589
100028,0.83032273,0.049230893,0.257407572
100018,0.07802888,0.735843598,0.403509811
100160,0.646853906,0.134720151,0.772811598
100185,0.686365381,-0.402788721,0.712965784
100041,0.586812718,0.237477612,0.671280916
100282,-0.472369522,-0.038298015,0.492169015
100182,0.083770512,-0.289496022,0.985637897
100052,-0.184342842,0.292290191,-0.266515613
100082,-0.312762485,0.46793325,-0.334178704
100288,-0.395588198,0.15566635,0.257218602
100102,-0.394153298,0.55437195,0.626943515
100042,-0.33677151,0.515123382,0.665044693
100009,-0.05730559,0.651367501,-0.463952859
100033,0.676327671,0.065324745,-0.289102771
100090,0.651095895,0.255851114,0.479936773
100200,0.517380233,0.283066346,0.717659993
100039,-0.336644069,0.369504825,-0.330649529
100125,-0.49353103,0.893584629,-0.430373286
100253,-0.120402025,-0.139154151,0.682120889
100253,0.518075635,0.70785799,0.898702438
100076,0.98448715,0.452448609,0.300934745
100118,0.209029637,0.975958621,-0.436903575
100226,0.10538844,0.515723066,0.266692293
100117,0.354750586,0.072603756,0.182711849
100186,0.40955055,0.965554556,0.976901245
100229,-0.423272278,-0.438519309,-0.461882428
100016,-0.040039916,-0.197340708,0.097568079
100103,0.779432975,0.723986171,-0.299617009
100244,0.974021377,0.501856106,0.798370149
100244,-0.370079061,0.896360025,-0.33661005
100002,-0.037016148,-0.04919122,0.146300056
100251,0.027917128,-0.331268576,0.485449139
100240,-0.280720494,0.56602673,-0.362536563
100085,0.097063381,0.461389201,0.670219582
100154,0.537098083,-0.131430253,-0.281198135
100050,0.857077623,0.206286791,0.588524518
100013,0.44306711,0.065337643,0.168452956
100261,-0.096097879,-0.054202683,-0.262861969
100021,-0.059203882,0.138977391,0.899042353
100290,0.981228887,0.261417748,0.145555518
100293,0.57290758,-0.482920778,0.678084224
100188,0.425671248,0.47837344,-0.486251303
100105,0.178232335,-0.216788028,0.998004137
100009,0.554511415,0.073317899,-0.269813777
100095,0.740072154,-0.012541138,-0.272667195
100008,0.694205436,0.492936344,0.676874438
100012,-0.433428425,0.264858871,0.488454459
100130,-0.392323615,0.575777991,0.870529196
100091,0.591790597,-0.304398606,-0.294638635
100004,0.326824567,0.953822045,0.929117858
100284,0.71828769,0.874246442,-0.455577761
100227,0.761031645,0.668853089,0.606760145
100249,-0.158435751,0.708155628,-0.266230711
100121,-0.199630444,0.041700013,-0.2085726
100157,-0.035295516,-0.028075238,0.879321832
100256,0.029889859,0.530337657,-0.136562499
100284,-0.407569943,0.786812023,-0.493443179
100267,-0.309887809,0.038823021,0.613701606
100082,-0.036503642,0.153628366,0.44580761
100118,-0.454634676,-0.08042401,0.553001242
100249,-0.385036856,-0.06062122,-0.07916522
100142,-0.382800872,0.147825918,-0.074697575
100203,-0.420423684,-0.184629482,0.01741234
100183,0.254796455,-0.032911158,0.833950866
100186,-0.118021075,0.583617343,0.290343147
100171,-0.023499874,0.811866679,0.337251351
100022,-0.042987654,0.05948008,-0.163158728
100201,0.936287904,0.652514952,-0.286989534
100087,0.959324412,0.141543939,0.032897648
100157,-0.134200515,0.969698999,-0.016552571
100131,0.919737723,-0.09119989,0.369417623
100291,-0.334149572,-0.471107065,0.745558274
100095,0.408696925,0.015405238,0.466873295
100102,-0.239965257,0.37281284,0.231404271
100022,-0.39635118,-0.290416388,0.25536356
100114,0.845032954,0.279746247,0.950943053
100266,0.180908691,-0.326293049,0.641819991
100061,0.859106686,-0.40392598,0.884552755
100276,0.383035007,0.404229473,-0.047795658
100167,-0.48205245,-0.493760956,0.347806211
100204,0.599504567,0.00135383,0.265964131
100152,0.996760199,0.063741292,-0.048670737
100062,-0.33841808,0.880252273,0.423048958
100184,0.199051759,0.812214976,0.129760927
100193,0.088189004,0.789732862,0.728941125
100142,0.807427636,-0.160521419,-0.204641035
100239,0.259789987,-0.022472402,0.838835565
100015,0.249699563,0.837061074,0.035274985
100018,-0.319697155,0.318546048,0.203260931
100087,0.757112534,0.780926495,0.368367279
100228,0.608415557,-0.436827294,0.985780593
100276,0.101687971,0.188282193,0.123903031
100244,0.715077182,-0.49103385,-0.418560666
100186,0.434502388,-0.180139002,0.20182925
100186,0.371854693,0.162320724,0.016355061
100279,0.599991472,-0.230759861,-0.430552895
100022,0.120902893,-0.476765109,0.130665457
100026,0.825158277,0.17875519,0.021457738
100002,0.696808486,0.760422418,0.0363865
100205,-0.443022203,0.347782267,0.080254715
100045,-0.436136069,0.584202078,0.18860638
100285,0.979022306,0.435732007,0.687569251
100101,-0.152744286,0.246206417,0.661620428
100149,0.546889032,0.313636154,0.711707655
100054,-0.389568504,-0.07740043,0.765874692
100257,-0.461240473,-0.12454558,0.93800173
100216,-0.209055453,-0.356298694,0.071599206
100124,0.790302155,-0.497414205,0.078175912
100196,0.665124499,0.626817468,0.133873545
100101,-0.427582407,0.751355273,0.034653229
100038,-0.03029711,0.879299464,0.670618204
100264,0.423444877,0.317530508,0.92649372
100058,0.316744313,0.586090525,0.995764899
100069,0.044319282,0.697587323,0.197513002
100222,0.092794008,-0.163382246,-0.34872581
100154,-0.291684508,0.432401813,0.98161928
100029,0.856099556,0.89239709,0.82433773
100085,0.244516702,0.071768522,0.628565589
100159,0.856983431,0.081125,0.654515198
100287,0.340139301,0.802485714,-0.289894339
100107,0.316606725,-0.237252515,0.158391293
100221,0.595024407,0.618999293,-0.383616402
100275,0.201215239,0.160356567,-0.25767414
100049,0.578418769,0.785743578,0.954993516
100207,-0.494064207,0.16910604,0.151427905
100101,-0.127555242,0.489003188,-0.064108132
100166,0.017466904,0.889687246,0.955151683
100127,-0.048626202,0.898888819,0.048026913
100291,0.238957078,0.355094684,-0.018884614
100298,-0.058058794,0.567231313,0.415432433
100035,0.035038392,0.218614846,0.798707674
100192,-0.285976792,0.450592111,0.759898907
100109,0.838612021,0.916839425,0.396109081
100047,0.720697561,-0.469606272,0.213437375
100167,0.839673359,0.114834543,0.406980307
100034,0.883553161,0.672023619,0.927049045
100169,0.684259977,-0.003289273,-0.024322474
100230,-0.188600268,-0.071165575,-0.422504274
100017,0.415068174,0.720062913,0.626427466
100180,0.117083295,-0.366472817,0.2249958
100186,0.230648223,-0.178230677,0.202207395
100218,0.688567291,-0.452846967,-0.497212738
100283,0.682481204,0.591452887,0.72248031
100039,0.445011409,0.816938143,-0.305815669
100115,-0.452383487,0.464931642,0.034296948
100115,-0.155557468,0.659345363,0.120068257
100018,-0.452220325,0.565982846,-0.366982445
100161,0.072636242,-0.010286574,0.149574887
100287,-0.208366337,0.615374016,-0.274153459
100208,0.390885909,-0.059315559,0.008962897
100093,0.321832209,0.43232938,0.525876307
100142,0.017286207,0.500587001,0.654165364
100239,0.598815097,0.453568458,0.054228832
100281,-0.096602459,0.921146768,0.831774501
100082,0.484065703,0.666067536,0.088594819
100288,0.875895965,-0.333548572,0.64770786
100254,0.513565497,-0.471249425,-0.119252916
100274,0.076270676,0.807381715,0.832423294
100226,0.327793343,0.944521974,0.83766884
100274,0.065022497,0.215599865,0.227739402
100244,-0.396277798,0.023694381,0.69969392
100271,0.059932723,0.683728523,-0.11638621
100108,0.514458877,-0.174612765,0.317140989
100203,0.060982283,0.894333459,0.812278265
100094,0.033570129,0.418376923,0.667374906
100063,0.127191701,0.576296332,0.926327573
100020,0.488667291,0.733709747,0.284564125
100279,0.098011172,0.796607614,0.083109256
100131,0.250287395,-0.399599357,-0.101690055
100082,0.907966336,-0.223893985,0.06762709
100080,0.687155818,0.886916973,0.047582402
100193,0.635613803,0.796216387,0.265806007
100185,0.502490114,-0.277250574,0.544284612
100275,0.908720126,0.908953345,-0.068335915
100079,-0.477908028,0.810481641,0.234169301
100096,0.104734054,0.816457133,0.515311284
100188,0.003741745,0.97311361,0.751168518
100030,0.000221953,0.459039089,0.281584846
100142,0.476780299,0.25544916,0.325473103
100117,0.998285728,0.029680345,0.970383509
100226,-0.305475463,-0.058969596,0.958130473
100207,0.37664287,0.414385817,-0.153089349
100076,-0.330052176,0.5650488,0.985132803
100291,0.177784763,0.725435032,0.972577739
100042,0.369620787,0.929212072,0.806916972
100015,0.307145987,0.580740918,0.0069494
100038,-0.184728751,0.537012777,-0.080493358
100209,0.567283336,0.466345812,0.405144845
100189,-0.376870169,0.325241122,0.383716467
100135,-0.004699974,0.013557873,0.508598702
100015,0.892117887,0.845957019,-0.436198366
100295,0.981512859,0.916304047,-0.011021018
100155,-0.031961304,0.790186177,0.873542156
100206,0.547284875,-0.488072117,0.400163657
100221,0.452084647,0.412077968,0.101951125
100118,0.116931003,0.517491892,0.795198871
100172,0.299620936,0.690379502,0.215850119
100156,-0.119399356,0.09279449,0.721830669
100298,-0.130468266,0.958790679,0.528495414
100032,-0.035724287,-0.284258784,0.625136397
100110,0.754375318,0.574946458,0.49459506
100008,-0.268903432,-0.005365358,0.910703179
100277,0.957527439,0.703680238,0.729649258
100038,0.451207691,0.320686844,-0.456898773
100118,0.194629204,0.329472336,-0.414985013
100204,-0.014803755,0.666870058,-0.06206025
100030,0.729752036,-0.314711858,0.342793918
100033,0.201715089,0.960377983,0.026219813
100025,-0.446031211,0.01131435,0.469790417
100296,-0.489303322,-0.269861458,-0.335995372
100194,-0.228784131,0.004720581,-0.497807791
100286,0.054522873,0.629426789,0.111805232
100197,-0.130993512,0.032287008,-0.208693593
100079,0.353243285,-0.254406907,0.476080659
100219,-0.115242518,-0.495160885,-0.196681139
100221,-0.251868326,0.047154089,0.312972663
100090,0.106411312,-0.234220055,-0.115272678
100259,0.140109142,0.536955182,0.943976023
100036,0.670445756,0.535502528,0.039152696
100027,-0.318280812,0.217141398,-0.046081895
100229,0.33083674,-0.15844683,0.580524957
100108,-0.155714923,-0.39287024,-0.37833324
100033,0.439352322,0.377124077,-0.064430439
100157,-0.153459098,0.952070448,0.350095181
100080,0.775448361,0.987340102,0.550879292
100146,0.279336589,-0.42513645,0.212182001
100251,-0.090715775,0.984139487,0.281808445
100236,-0.495826312,-0.318028726,0.28926096
100218,-0.293475546,-0.375245133,0.148033594
100122,-0.294470763,0.465299245,-0.230831445
100039,-0.486865318,0.117787371,0.175369241
100259,0.811213926,-0.305640814,0.788258318
100093,-0.440462174,0.112060264,-0.490731282
100229,0.715226372,0.646768729,0.925676598
100050,0.534860239,-0.403398345,-0.403044064
100294,0.432734435,0.189438581,-0.302042435
100175,-0.236870509,0.404468468,0.443156588
100284,0.797557165,0.08700063,0.415659589
100078,0.514145935,0.710338221,0.94429509
100281,-0.471752162,-0.004433842,-0.262171295
100059,-0.255526315,-0.457500137,0.82341513
100113,-0.222890245,0.229062912,0.053958228
100100,-0.193403284,-0.266717966,0.219388836
100006,-0.391360254,0.095698771,0.641614862
100113,0.023204518,0.832386691,0.701793332
100083,-0.075985624,0.567316581,0.843918253
100147,-0.033858784,0.809311472,-0.341473954
100153,0.581377071,-0.384805857,0.9060332
100178,0.087942161,0.061743676,0.628866764
100062,0.566105917,-0.172513042,0.990422007
100279,0.716109651,0.678551012,0.867537992
100139,-0.241370905,0.677349595,0.186657566
100179,-0.319782295,0.877612483,0.943167353
100021,0.008944299,-0.076013262,-0.339907128
100067,0.743604745,-0.199079646,0.227345078
100056,0.252573771,-0.168746794,0.245350045
100048,0.507976164,0.773414686,-0.051357524
100058,0.198596351,0.932690334,0.34889916
100114,-0.499887121,0.083260561,0.665237815
100201,0.553041312,0.005068946,-0.084921657
100160,-0.147965044,-0.195708106,-0.408519696
100251,0.838771238,-0.343719652,-0.240203508
100178,0.032024497,0.252908461,-0.40418322
100005,-0.12911702,0.720634511,0.066868869
100206,0.094853186,0.833185245,-0.476085984
100251,0.93189727,-0.386685544,0.985444348
100266,-0.296837291,0.440380168,0.445948075
100101,0.237367454,0.641939939,0.671966248
100066,0.026607173,0.079300303,0.340549144
100167,0.447120523,-0.296678471,0.09098463
